,Daily Time Spent on Site,Age,Area Income,Daily Internet Usage,Male,Clicked on Ad
count,1000.0,1000.0,1000.0,1000.0,1000.0,1000.0
mean,65.0002,36.009,55000.000080000005,180.0001,0.481,0.5
std,15.8536145675002,8.78556231012592,13414.634022282358,43.902339301980106,0.49988887654046626,0.5002501876563868
min,32.6,19.0,13996.5,104.78,0.0,0.0
25%,51.36,29.0,47031.8025,138.83,0.0,0.0
50%,68.215,35.0,57012.3,183.13,0.0,0.5
75%,78.5475,42.0,65470.634999999995,218.7925,1.0,1.0
max,91.43,61.0,79484.8,269.96,1.0,1.0
